,Country Name,Country Code,Year,Value
0,Afghanistan,AFG,2000,3521418059.923445
1,Afghanistan,AFG,2001,2813571753.8725324
2,Afghanistan,AFG,2002,3825701438.999633
3,Afghanistan,AFG,2003,4520946818.545814
4,Afghanistan,AFG,2004,5224896718.67782
5,Afghanistan,AFG,2005,6203256538.709669
6,Afghanistan,AFG,2006,6971758282.293506
7,Afghanistan,AFG,2007,9747886187.393929
8,Afghanistan,AFG,2008,10109297047.543194
9,Afghanistan,AFG,2009,12416152732.056717
10,Afghanistan,AFG,2010,15856668555.833595
11,Afghanistan,AFG,2011,17805098206.314083
12,Afghanistan,AFG,2012,19907329777.58717
13,Afghanistan,AFG,2013,20146416757.598675
14,Afghanistan,AFG,2014,20497128555.69723
15,Afghanistan,AFG,2015,19134221644.73249
16,Afghanistan,AFG,2016,18116572395.077213
17,Afghanistan,AFG,2017,18753456497.815865
18,Afghanistan,AFG,2018,18053222687.412624
19,Afghanistan,AFG,2019,18799444490.11278
20,Afghanistan,AFG,2020,19955929052.1496
21,Afghanistan,AFG,2021,14266499429.874573
22,Afghanistan,AFG,2022,14502158192.090397
191,Algeria,DZA,1960,2723615451.3009768
192,Algeria,DZA,1961,2434747055.940175
193,Algeria,DZA,1962,2001444543.918851
194,Algeria,DZA,1963,2702982017.638028
195,Algeria,DZA,1964,2909316435.287398
196,Algeria,DZA,1965,3136284306.8546867
197,Algeria,DZA,1966,3039859187.4516416
198,Algeria,DZA,1967,3370870376.296824
199,Algeria,DZA,1968,3852147026.773019
200,Algeria,DZA,1969,4257253264.088344
201,Algeria,DZA,1970,4863526896.574075
202,Algeria,DZA,1971,5077183093.889678
203,Algeria,DZA,1972,6766743956.8888855
204,Algeria,DZA,1973,8707858912.12481
205,Algeria,DZA,1974,13209871625.904444
206,Algeria,DZA,1975,15557902754.033009
207,Algeria,DZA,1976,17728240932.315838
208,Algeria,DZA,1977,20972113684.95581
209,Algeria,DZA,1978,26364491313.447136
210,Algeria,DZA,1979,33243706859.659607
211,Algeria,DZA,1980,42345829079.206245
212,Algeria,DZA,1981,44348590460.92876
213,Algeria,DZA,1982,45207167470.34967
214,Algeria,DZA,1983,48801369800.36752
215,Algeria,DZA,1984,53698548293.07447
216,Algeria,DZA,1985,57937868670.193726
217,Algeria,DZA,1986,63692007897.38336
218,Algeria,DZA,1987,66745818375.492966
219,Algeria,DZA,1988,59089396860.43423
220,Algeria,DZA,1989,55634721572.73428
221,Algeria,DZA,1990,62048507531.33572
222,Algeria,DZA,1991,45715676428.2766
223,Algeria,DZA,1992,48003133346.995735
224,Algeria,DZA,1993,49945584452.65057
225,Algeria,DZA,1994,42543176828.923744
226,Algeria,DZA,1995,41764291671.77111
227,Algeria,DZA,1996,46941554225.35815
228,Algeria,DZA,1997,48177612042.15065
229,Algeria,DZA,1998,48187781984.48805
230,Algeria,DZA,1999,48640671734.97112
231,Algeria,DZA,2000,54790398570.328224
232,Algeria,DZA,2001,59413400923.63635
233,Algeria,DZA,2002,61516103406.16878
234,Algeria,DZA,2003,73482264190.92455
235,Algeria,DZA,2004,91913680985.17082
236,Algeria,DZA,2005,107046618669.707
237,Algeria,DZA,2006,123084258693.00974
238,Algeria,DZA,2007,142482739809.84927
239,Algeria,DZA,2008,180383848331.13455
240,Algeria,DZA,2009,150317292079.35913
241,Algeria,DZA,2010,177785053939.53052
242,Algeria,DZA,2011,218331946925.3036
243,Algeria,DZA,2012,227143746075.934
244,Algeria,DZA,2013,229701430292.1566
245,Algeria,DZA,2014,238942664192.59
246,Algeria,DZA,2015,187493855609.34464
247,Algeria,DZA,2016,180763839522.1508
248,Algeria,DZA,2017,189880896903.0733
249,Algeria,DZA,2018,194554483655.5277
250,Algeria,DZA,2019,193459662090.6768
251,Algeria,DZA,2020,164873415325.20148
252,Algeria,DZA,2021,186265418570.69662
253,Algeria,DZA,2022,225560256621.7572
254,Algeria,DZA,2023,239899491127.7424
805,Bahrain,BHR,1970,391577364.829337
806,Bahrain,BHR,1971,422181562.09903
807,Bahrain,BHR,1972,534081183.5538125
808,Bahrain,BHR,1973,761132544.6077071
809,Bahrain,BHR,1974,1042176882.5478998
810,Bahrain,BHR,1975,1099107600.2596838
811,Bahrain,BHR,1976,1581709519.2985678
812,Bahrain,BHR,1977,1989060283.1105783
813,Bahrain,BHR,1978,2272042966.4425054
814,Bahrain,BHR,1979,2710160740.2835917
815,Bahrain,BHR,1980,3493834466.8394265
816,Bahrain,BHR,1981,3943109531.7956114
817,Bahrain,BHR,1982,4145421079.979628
818,Bahrain,BHR,1983,4247030467.408351
819,Bahrain,BHR,1984,4440874566.639973
820,Bahrain,BHR,1985,4152376484.476224
821,Bahrain,BHR,1986,3470746843.808431
822,Bahrain,BHR,1987,3856922695.406995
823,Bahrain,BHR,1988,4209834173.796064
824,Bahrain,BHR,1989,4393093961.837181
825,Bahrain,BHR,1990,4809511004.960319
826,Bahrain,BHR,1991,5248911170.212766
827,Bahrain,BHR,1992,5402232446.808511
828,Bahrain,BHR,1993,5913001063.829787
829,Bahrain,BHR,1994,6330627925.531915
830,Bahrain,BHR,1995,6651180851.063829
831,Bahrain,BHR,1996,6938166755.319149
832,Bahrain,BHR,1997,7219407712.765958
833,Bahrain,BHR,1998,7031309042.553191
834,Bahrain,BHR,1999,7528469148.936171
835,Bahrain,BHR,2000,9062898936.170212
836,Bahrain,BHR,2001,8976196808.51064
837,Bahrain,BHR,2002,9593510638.297873
838,Bahrain,BHR,2003,11074813829.787231
839,Bahrain,BHR,2004,13150159574.468084
840,Bahrain,BHR,2005,15968723404.25532
841,Bahrain,BHR,2006,18504760638.29787
842,Bahrain,BHR,2007,21730000000.0
843,Bahrain,BHR,2008,25710904255.31915
844,Bahrain,BHR,2009,22938218085.106384
845,Bahrain,BHR,2010,25713271276.595745
846,Bahrain,BHR,2011,28776595744.68085
847,Bahrain,BHR,2012,30749308510.638294
848,Bahrain,BHR,2013,32539468085.106384
849,Bahrain,BHR,2014,33387712765.957447
850,Bahrain,BHR,2015,31125851063.82979
851,Bahrain,BHR,2016,32250132978.723404
852,Bahrain,BHR,2017,35423643617.02128
853,Bahrain,BHR,2018,37802005319.14893
854,Bahrain,BHR,2019,38653318085.106384
855,Bahrain,BHR,2020,34621807712.76596
856,Bahrain,BHR,2021,39288670212.76596
857,Bahrain,BHR,2022,44383297872.34042
858,Bahrain,BHR,2023,43205000000.0
2155,Chad,TCD,1960,313582728.1475742
2156,Chad,TCD,1961,333975336.1107222
2157,Chad,TCD,1962,357635713.4193201
2158,Chad,TCD,1963,371767002.1948862
2159,Chad,TCD,1964,392247517.7284819
2160,Chad,TCD,1965,416926303.3168722
2161,Chad,TCD,1966,432794921.6804892
2162,Chad,TCD,1967,449826322.6134528
2163,Chad,TCD,1968,453980096.2087106
2164,Chad,TCD,1969,471635621.5615988
2165,Chad,TCD,1970,469266736.65067697
2166,Chad,TCD,1971,501866730.1489865
2167,Chad,TCD,1972,585427546.7982723
2168,Chad,TCD,1973,647199482.9825367
2169,Chad,TCD,1974,652532795.0848049
2170,Chad,TCD,1975,864602104.6796529
2171,Chad,TCD,1976,866044962.0162745
2172,Chad,TCD,1977,935360464.7013408
2173,Chad,TCD,1978,1113920123.767227
2174,Chad,TCD,1979,1004316496.3505076
2175,Chad,TCD,1980,1033002403.8530374
2176,Chad,TCD,1981,876937558.2737565
2177,Chad,TCD,1982,834369859.6630175
2178,Chad,TCD,1983,832415806.0100639
2179,Chad,TCD,1984,919103734.8769958
2180,Chad,TCD,1985,1033069709.331904
2181,Chad,TCD,1986,1067828245.8620746
2182,Chad,TCD,1987,1163426852.2044249
2183,Chad,TCD,1988,1482597297.988208
2184,Chad,TCD,1989,1433686312.0291424
2185,Chad,TCD,1990,1738605557.7631288
2186,Chad,TCD,1991,1877137981.757122
2187,Chad,TCD,1992,1881847669.6979368
2188,Chad,TCD,1993,1463251163.918803
2189,Chad,TCD,1994,1179837963.2221267
2190,Chad,TCD,1995,1445919894.5766084
2191,Chad,TCD,1996,1607345355.782984
2192,Chad,TCD,1997,1544689576.9271238
2193,Chad,TCD,1998,1744794531.214013
2194,Chad,TCD,1999,1534673583.2487004
2195,Chad,TCD,2000,1388506771.587557
2196,Chad,TCD,2001,1710843377.001189
2197,Chad,TCD,2002,1997005708.8157556
2198,Chad,TCD,2003,2742815071.5743995
2199,Chad,TCD,2004,4422855660.82592
2200,Chad,TCD,2005,6649307523.643773
2201,Chad,TCD,2006,7428701453.9150915
2202,Chad,TCD,2007,8650137743.325472
2203,Chad,TCD,2008,10393833765.365055
2204,Chad,TCD,2009,9290728318.988209
2205,Chad,TCD,2010,10668103554.119226
2206,Chad,TCD,2011,12172308851.039494
2207,Chad,TCD,2012,12367362757.13416
2208,Chad,TCD,2013,12953534866.428648
2209,Chad,TCD,2014,13940767218.584888
2210,Chad,TCD,2015,10950392256.954294
2211,Chad,TCD,2016,10097778098.170738
2212,Chad,TCD,2017,10000394381.017702
2213,Chad,TCD,2018,11239167898.339537
2214,Chad,TCD,2019,11314951091.728329
2215,Chad,TCD,2020,10715396042.334282
2216,Chad,TCD,2021,11779981332.159998
2217,Chad,TCD,2022,12396807590.172993
2218,Chad,TCD,2023,13149325358.73826
2428,Comoros,COM,1980,212218261.58564296
2429,Comoros,COM,1981,196349931.5402856
2430,Comoros,COM,1982,184009013.5628149
2431,Comoros,COM,1983,191621954.85533172
2432,Comoros,COM,1984,184697225.63707617
2433,Comoros,COM,1985,196726096.3291308
2434,Comoros,COM,1986,279197721.8075771
2435,Comoros,COM,1987,337525852.64757514
2436,Comoros,COM,1988,356500032.67631584
2437,Comoros,COM,1989,341476768.3260327
2438,Comoros,COM,1990,429622177.72488457
2439,Comoros,COM,1991,424108769.5022311
2440,Comoros,COM,1992,457388651.5009406
2441,Comoros,COM,1993,452881475.0718127
2442,Comoros,COM,1994,319189184.2556394
2443,Comoros,COM,1995,398461797.0094131
2444,Comoros,COM,1996,396053805.8917543
2445,Comoros,COM,1997,364445600.5254924
2446,Comoros,COM,1998,370106745.9301457
2447,Comoros,COM,1999,382454989.94531095
2448,Comoros,COM,2000,351136579.6486322
2449,Comoros,COM,2001,378512024.07755625
2450,Comoros,COM,2002,425964681.04437846
2451,Comoros,COM,2003,546885222.7130651
2452,Comoros,COM,2004,633706110.7956145
2453,Comoros,COM,2005,653845169.1685765
2454,Comoros,COM,2006,698431793.8727758
2455,Comoros,COM,2007,795673152.8670766
2456,Comoros,COM,2008,915659107.9658228
2457,Comoros,COM,2009,905341172.7058296
2458,Comoros,COM,2010,907978730.8878444
2459,Comoros,COM,2011,1023086273.5333632
2460,Comoros,COM,2012,1015843490.823738
2461,Comoros,COM,2013,1116224106.8372765
2462,Comoros,COM,2014,1149587661.0069263
2463,Comoros,COM,2015,966029600.8622274
2464,Comoros,COM,2016,1012835493.193246
2465,Comoros,COM,2017,1077439756.594511
2466,Comoros,COM,2018,1188797449.3858447
2467,Comoros,COM,2019,1195019531.9010963
2468,Comoros,COM,2020,1225039196.6109135
2469,Comoros,COM,2021,1296089479.9197786
2470,Comoros,COM,2022,1242519407.7760253
2471,Comoros,COM,2023,1352380972.1566217
2940,Djibouti,DJI,1985,340989527.96799475
2941,Djibouti,DJI,1987,373371738.2864152
2942,Djibouti,DJI,1988,395794538.6307752
2943,Djibouti,DJI,1989,409220087.1028184
2944,Djibouti,DJI,1990,452328087.282876
2945,Djibouti,DJI,1991,462421998.5257792
2946,Djibouti,DJI,1992,478058304.8711182
2947,Djibouti,DJI,1993,466048469.2298603
2948,Djibouti,DJI,1994,491689220.7448754
2949,Djibouti,DJI,1995,497723960.58991337
2950,Djibouti,DJI,1996,494004647.7343702
2951,Djibouti,DJI,1997,502675542.0012266
2952,Djibouti,DJI,1998,514267869.30075794
2953,Djibouti,DJI,1999,536080148.09729856
2954,Djibouti,DJI,2000,551230861.8565054
2955,Djibouti,DJI,2001,572417440.8201619
2956,Djibouti,DJI,2002,591122039.6013976
2957,Djibouti,DJI,2003,622044665.5150489
2958,Djibouti,DJI,2004,666072101.7775052
2959,Djibouti,DJI,2005,708633194.7265658
2960,Djibouti,DJI,2006,768873684.032838
2961,Djibouti,DJI,2007,847918929.1079838
2962,Djibouti,DJI,2008,999105339.2677286
2963,Djibouti,DJI,2009,1049110684.724934
2964,Djibouti,DJI,2010,1128611700.361803
2965,Djibouti,DJI,2011,1239144501.7752545
2966,Djibouti,DJI,2012,1353632941.520698
2967,Djibouti,DJI,2013,2042817162.8563871
2968,Djibouti,DJI,2014,2214679081.256576
2969,Djibouti,DJI,2015,2424391785.4389744
2970,Djibouti,DJI,2016,2604955228.701166
2971,Djibouti,DJI,2017,2762581334.2261186
2972,Djibouti,DJI,2018,2913466732.1250725
2973,Djibouti,DJI,2019,3088853638.568318
2974,Djibouti,DJI,2020,3185150981.032067
2975,Djibouti,DJI,2021,3385825228.8699703
2976,Djibouti,DJI,2022,3674298479.076755
2977,Djibouti,DJI,2023,4098530513.557768
3409,"Egypt, Arab Rep.",EGY,1965,4948667540.41066
3410,"Egypt, Arab Rep.",EGY,1966,5278005611.914526
3411,"Egypt, Arab Rep.",EGY,1967,5605484298.982751
3412,"Egypt, Arab Rep.",EGY,1968,5932242990.654205
3413,"Egypt, Arab Rep.",EGY,1969,6524455205.811138
3414,"Egypt, Arab Rep.",EGY,1970,8042200452.147701
3415,"Egypt, Arab Rep.",EGY,1971,8609283346.085182
3416,"Egypt, Arab Rep.",EGY,1972,9299638055.842812
3417,"Egypt, Arab Rep.",EGY,1973,10098534613.441132
3418,"Egypt, Arab Rep.",EGY,1974,9228963224.600042
3419,"Egypt, Arab Rep.",EGY,1975,11632178868.91714
3420,"Egypt, Arab Rep.",EGY,1976,13315988083.416088
3421,"Egypt, Arab Rep.",EGY,1977,14400806875.986668
3422,"Egypt, Arab Rep.",EGY,1978,14811704063.068527
3423,"Egypt, Arab Rep.",EGY,1979,18020571428.57143
3424,"Egypt, Arab Rep.",EGY,1980,21669908176.38889
3425,"Egypt, Arab Rep.",EGY,1981,22136081081.08108
3426,"Egypt, Arab Rep.",EGY,1982,27655172413.793102
3427,"Egypt, Arab Rep.",EGY,1983,30966239813.736904
3428,"Egypt, Arab Rep.",EGY,1984,33971188991.614704
3429,"Egypt, Arab Rep.",EGY,1985,39053502251.07319
3430,"Egypt, Arab Rep.",EGY,1986,41253507951.35641
3431,"Egypt, Arab Rep.",EGY,1987,40455616653.57424
3432,"Egypt, Arab Rep.",EGY,1988,34980124929.01761
3433,"Egypt, Arab Rep.",EGY,1989,39756299049.97935
3434,"Egypt, Arab Rep.",EGY,1990,42978914311.35038
3435,"Egypt, Arab Rep.",EGY,1991,37387836490.52842
3436,"Egypt, Arab Rep.",EGY,1992,41855986519.42346
3437,"Egypt, Arab Rep.",EGY,1993,46578631452.58103
3438,"Egypt, Arab Rep.",EGY,1994,51897983392.64532
3439,"Egypt, Arab Rep.",EGY,1995,60159245060.45414
3440,"Egypt, Arab Rep.",EGY,1996,67629716981.13208
3441,"Egypt, Arab Rep.",EGY,1997,78436578171.09145
3442,"Egypt, Arab Rep.",EGY,1998,84828807556.08029
3443,"Egypt, Arab Rep.",EGY,1999,90710704806.84164
3444,"Egypt, Arab Rep.",EGY,2000,99838543960.07632
3445,"Egypt, Arab Rep.",EGY,2001,96684636118.5984
3446,"Egypt, Arab Rep.",EGY,2002,85146067415.73033
3447,"Egypt, Arab Rep.",EGY,2003,80288461538.46153
3448,"Egypt, Arab Rep.",EGY,2004,78782467532.46753
3449,"Egypt, Arab Rep.",EGY,2005,89600665557.40433
3450,"Egypt, Arab Rep.",EGY,2006,107426086956.52174
3451,"Egypt, Arab Rep.",EGY,2007,130437828371.27846
3452,"Egypt, Arab Rep.",EGY,2008,162818181818.18182
3453,"Egypt, Arab Rep.",EGY,2009,189147005444.6461
3454,"Egypt, Arab Rep.",EGY,2010,218983666061.706
3455,"Egypt, Arab Rep.",EGY,2011,235989672977.6248
3456,"Egypt, Arab Rep.",EGY,2012,279116666666.6667
3457,"Egypt, Arab Rep.",EGY,2013,288434108527.1318
3458,"Egypt, Arab Rep.",EGY,2014,305595408895.26544
3459,"Egypt, Arab Rep.",EGY,2015,329366576819.407
3460,"Egypt, Arab Rep.",EGY,2016,332441717791.411
3461,"Egypt, Arab Rep.",EGY,2017,248362771739.13043
3462,"Egypt, Arab Rep.",EGY,2018,262588632526.73044
3463,"Egypt, Arab Rep.",EGY,2019,318678815489.74945
3464,"Egypt, Arab Rep.",EGY,2020,383817841547.0992
3465,"Egypt, Arab Rep.",EGY,2021,424671765455.7043
3466,"Egypt, Arab Rep.",EGY,2022,476747720364.7416
3467,"Egypt, Arab Rep.",EGY,2023,395926075163.0058
3587,Eritrea,ERI,1992,477101651.6483756
3588,Eritrea,ERI,1993,467872714.7556032
3589,Eritrea,ERI,1994,531688311.6883117
3590,Eritrea,ERI,1995,578015625.0
3591,Eritrea,ERI,1996,693535954.1900672
3592,Eritrea,ERI,1997,686490090.1401408
3593,Eritrea,ERI,1998,745523116.9000521
3594,Eritrea,ERI,1999,688918537.1155552
3595,Eritrea,ERI,2000,706370815.5844156
3596,Eritrea,ERI,2001,752371688.7431858
3597,Eritrea,ERI,2002,729321680.1543237
3598,Eritrea,ERI,2003,870248267.550163
3599,Eritrea,ERI,2004,1109054005.43971
3600,Eritrea,ERI,2005,1098424685.6616938
3601,Eritrea,ERI,2006,1211161879.6747968
3602,Eritrea,ERI,2007,1317974491.0569105
3603,Eritrea,ERI,2008,1380188800.0
3604,Eritrea,ERI,2009,1856695551.219512
3605,Eritrea,ERI,2010,1589515447.1544716
3606,Eritrea,ERI,2011,2065001626.01626
6053,Iraq,IRQ,1960,1537252191.859759
6054,Iraq,IRQ,1961,1671960964.5102496
6055,Iraq,IRQ,1962,1784174541.4830444
6056,Iraq,IRQ,1963,1805901509.5746915
6057,Iraq,IRQ,1964,2136408198.421848
6058,Iraq,IRQ,1965,2335785505.500707
6059,Iraq,IRQ,1966,2530306096.10285
6060,Iraq,IRQ,1967,2551522657.4507837
6061,Iraq,IRQ,1968,2896598841.360464
6062,Iraq,IRQ,1969,3007758796.896481
6063,Iraq,IRQ,1970,3281318687.472525
6064,Iraq,IRQ,1971,3865346534.653437
6065,Iraq,IRQ,1972,4113848002.4030943
6066,Iraq,IRQ,1973,5134367778.144569
6067,Iraq,IRQ,1974,11516762614.290518
6068,Iraq,IRQ,1975,13458516762.614222
6069,Iraq,IRQ,1976,17754825601.083576
6070,Iraq,IRQ,1977,19838130714.52753
6071,Iraq,IRQ,1978,23762275651.879345
6072,Iraq,IRQ,1979,37816457839.48527
6073,Iraq,IRQ,1980,52568999999.99967
6074,Iraq,IRQ,1981,37822999999.999664
6075,Iraq,IRQ,1982,42382333333.33301
6076,Iraq,IRQ,1983,40712903225.80613
6077,Iraq,IRQ,1984,46938387096.773865
6078,Iraq,IRQ,1985,48425161290.32226
6079,Iraq,IRQ,1986,47264516129.03194
6080,Iraq,IRQ,1987,56774193548.38678
6081,Iraq,IRQ,1988,62684516129.03193
6082,Iraq,IRQ,1989,65831935483.87065
6083,Iraq,IRQ,1990,180408064516.1284
6084,Iraq,IRQ,1991,407796349.66378486
6085,Iraq,IRQ,1992,553671957.6719576
6086,Iraq,IRQ,1993,1031944881.131894
6087,Iraq,IRQ,1994,3991349282.7572927
6088,Iraq,IRQ,1995,12894029888.112158
6089,Iraq,IRQ,1996,10433698621.342705
6090,Iraq,IRQ,1997,20764857056.379494
6091,Iraq,IRQ,1998,20617405044.242462
6092,Iraq,IRQ,1999,36881601583.81936
6093,Iraq,IRQ,2000,48364250943.90507
6094,Iraq,IRQ,2001,36176430128.805725
6095,Iraq,IRQ,2002,32928454672.42459
6096,Iraq,IRQ,2003,21921569478.81626
6097,Iraq,IRQ,2004,36633669269.3981
6098,Iraq,IRQ,2005,50065104667.8159
6099,Iraq,IRQ,2006,65147051918.02187
6100,Iraq,IRQ,2007,88837057319.51791
6101,Iraq,IRQ,2008,131614434153.50533
6102,Iraq,IRQ,2009,111657580326.31512
6103,Iraq,IRQ,2010,138516722649.57266
6104,Iraq,IRQ,2011,185749664444.4445
6105,Iraq,IRQ,2012,218002476129.47165
6106,Iraq,IRQ,2013,234637675128.64493
6107,Iraq,IRQ,2014,228415656174.95712
6108,Iraq,IRQ,2015,166774104959.10168
6109,Iraq,IRQ,2016,166743557747.67148
6110,Iraq,IRQ,2017,187217660050.6757
6111,Iraq,IRQ,2018,227367469034.03085
6112,Iraq,IRQ,2019,233636097800.33844
6113,Iraq,IRQ,2020,180898797936.27884
6114,Iraq,IRQ,2021,209691945713.10345
6115,Iraq,IRQ,2022,286640340965.5172
6116,Iraq,IRQ,2023,250842782139.46417
6208,Israel,ISR,1960,3052993636.3971047
6209,Israel,ISR,1961,3687339031.645485
6210,Israel,ISR,1962,2949160176.729827
6211,Israel,ISR,1963,3515690732.782267
6212,Israel,ISR,1964,4001288352.2557673
6213,Israel,ISR,1965,4304281997.410134
6214,Israel,ISR,1966,4676353689.633933
6215,Israel,ISR,1967,4735101851.5640335
6216,Israel,ISR,1968,5427155199.100301
6217,Israel,ISR,1969,6261770752.920234
6218,Israel,ISR,1970,7364277925.141301
6219,Israel,ISR,1971,7012333173.083149
6220,Israel,ISR,1972,9168824837.8168
6221,Israel,ISR,1973,11835802404.7103
6222,Israel,ISR,1974,17075130883.46275
6223,Israel,ISR,1975,16050008787.255636
6224,Israel,ISR,1976,15864905769.074123
6225,Israel,ISR,1977,18153376715.8296
6226,Israel,ISR,1978,17599385989.296295
6227,Israel,ISR,1979,22480105812.02824
6228,Israel,ISR,1980,25249789919.856667
6229,Israel,ISR,1981,26727967129.92553
6230,Israel,ISR,1982,29087663989.13959
6231,Israel,ISR,1983,32488543974.06726
6232,Israel,ISR,1984,30470017330.501568
6233,Israel,ISR,1985,28740117286.324795
6234,Israel,ISR,1986,35628837312.24015
6235,Israel,ISR,1987,42802884824.60686
6236,Israel,ISR,1988,52349277417.07393
6237,Israel,ISR,1989,52142996978.29931
6238,Israel,ISR,1990,61661395508.95943
6239,Israel,ISR,1991,70591957101.76035
6240,Israel,ISR,1992,79002421132.56517
6241,Israel,ISR,1993,79398331244.7804
6242,Israel,ISR,1994,90220195074.09152
6243,Israel,ISR,1995,104892955202.0722
6244,Israel,ISR,1996,114505860826.51878
6245,Israel,ISR,1997,118859377862.81673
6246,Israel,ISR,1998,120056692192.31071
6247,Israel,ISR,1999,120922937410.9235
6248,Israel,ISR,2000,136035771711.67194
6249,Israel,ISR,2001,134635822098.58047
6250,Israel,ISR,2002,125060622862.93216
6251,Israel,ISR,2003,131299915899.95828
6252,Israel,ISR,2004,139973148371.26282
6253,Israel,ISR,2005,147083996033.60297
6254,Israel,ISR,2006,158670456932.53735
6255,Israel,ISR,2007,184052121662.0822
6256,Israel,ISR,2008,220531065217.3913
6257,Israel,ISR,2009,211970040942.9596
6258,Israel,ISR,2010,238364092298.0229
6259,Israel,ISR,2011,266791854430.8972
6260,Israel,ISR,2012,262282344091.8492
6261,Israel,ISR,2013,297732778479.1286
6262,Israel,ISR,2014,314330061977.26337
6263,Israel,ISR,2015,303414276832.04004
6264,Israel,ISR,2016,322102790386.835
6265,Israel,ISR,2017,358245427458.5409
6266,Israel,ISR,2018,376691526553.2764
6267,Israel,ISR,2019,402470513619.148
6268,Israel,ISR,2020,413267669231.52216
6269,Israel,ISR,2021,488526545878.89136
6270,Israel,ISR,2022,525002447652.77344
6271,Israel,ISR,2023,509901495702.1033
6464,Jordan,JOR,1965,599759760.096096
6465,Jordan,JOR,1966,657999736.8001053
6466,Jordan,JOR,1967,631679747.328101
6467,Jordan,JOR,1968,561119775.5520898
6468,Jordan,JOR,1969,698879720.4481119
6469,Jordan,JOR,1970,639519744.1921023
6470,Jordan,JOR,1971,678159728.7361085
6471,Jordan,JOR,1972,788479684.6081262
6472,Jordan,JOR,1973,943783839.7180518
6473,Jordan,JOR,1974,1197483948.685469
6474,Jordan,JOR,1975,1363073497.773553
6475,Jordan,JOR,1976,1708521219.4600327
6476,Jordan,JOR,1977,2096778602.1678455
6477,Jordan,JOR,1978,2602208588.957056
6478,Jordan,JOR,1979,3271368780.6534743
6479,Jordan,JOR,1980,3910044474.28044
6480,Jordan,JOR,1981,4383944702.859582
6481,Jordan,JOR,1982,4681240992.703381
6482,Jordan,JOR,1983,4920692190.955688
6483,Jordan,JOR,1984,4967162160.404718
6484,Jordan,JOR,1985,4993601520.430789
6485,Jordan,JOR,1986,6402050484.904248
6486,Jordan,JOR,1987,6756209762.482309
6487,Jordan,JOR,1988,6277451829.053252
6488,Jordan,JOR,1989,4221373673.804684
6489,Jordan,JOR,1990,4160087507.834724
6490,Jordan,JOR,1991,4344467193.250948
6491,Jordan,JOR,1992,5310833193.590049
6492,Jordan,JOR,1993,5606400221.692687
6493,Jordan,JOR,1994,6236295978.245313
6494,Jordan,JOR,1995,6727597031.96347
6495,Jordan,JOR,1996,6927503526.093089
6496,Jordan,JOR,1997,7245839210.1551485
6497,Jordan,JOR,1998,7912270803.949224
6498,Jordan,JOR,1999,8149929478.138224
6499,Jordan,JOR,2000,8460789844.851905
6500,Jordan,JOR,2001,8975814652.819601
6501,Jordan,JOR,2002,9582510578.279266
6502,Jordan,JOR,2003,10195627644.569817
6503,Jordan,JOR,2004,11411706629.055008
6504,Jordan,JOR,2005,12588998589.562763
6505,Jordan,JOR,2006,15056981664.31594
6506,Jordan,JOR,2007,17110437235.543018
6507,Jordan,JOR,2008,22658715989.330204
6508,Jordan,JOR,2009,24537876056.338028
6509,Jordan,JOR,2010,27133804225.35212
6510,Jordan,JOR,2011,29524149154.92958
6511,Jordan,JOR,2012,31634561690.140846
6512,Jordan,JOR,2013,34454440140.84507
6513,Jordan,JOR,2014,36847643521.12676
6514,Jordan,JOR,2015,38587017887.32394
6515,Jordan,JOR,2016,39892551126.76057
6516,Jordan,JOR,2017,41608435915.49296
6517,Jordan,JOR,2018,43370860704.22536
6518,Jordan,JOR,2019,44502816901.408455
6519,Jordan,JOR,2020,43700383098.59155
6520,Jordan,JOR,2021,46296100140.84507
6521,Jordan,JOR,2022,48653381830.98592
6522,Jordan,JOR,2023,50813642348.67464
6755,Kuwait,KWT,1962,1828107502.799552
6756,Kuwait,KWT,1963,1900895856.6629336
6757,Kuwait,KWT,1964,2071668533.0347145
6758,Kuwait,KWT,1965,2097199161.120336
6759,Kuwait,KWT,1966,2391199043.520383
6760,Kuwait,KWT,1967,2441599023.3603907
6761,Kuwait,KWT,1968,2662798934.880426
6762,Kuwait,KWT,1969,2769198892.320443
6763,Kuwait,KWT,1970,2873638850.54446
6764,Kuwait,KWT,1971,3880392195.406882
6765,Kuwait,KWT,1972,4450537925.33189
6766,Kuwait,KWT,1973,5408804607.312896
6767,Kuwait,KWT,1974,13006948296.270523
6768,Kuwait,KWT,1975,12022811620.78667
6769,Kuwait,KWT,1976,13132252801.93716
6770,Kuwait,KWT,1977,14137406740.50655
6771,Kuwait,KWT,1978,15503557496.191645
6772,Kuwait,KWT,1979,24749063922.47961
6773,Kuwait,KWT,1980,28638868355.9196
6774,Kuwait,KWT,1981,25058020338.25349
6775,Kuwait,KWT,1982,21577153356.41917
6776,Kuwait,KWT,1983,20871081080.15384
6777,Kuwait,KWT,1984,21700082752.93689
6778,Kuwait,KWT,1985,21445970613.759464
6779,Kuwait,KWT,1986,17903989745.177998
6780,Kuwait,KWT,1987,22368704133.666832
6781,Kuwait,KWT,1988,20690322152.8945
6782,Kuwait,KWT,1989,24313855653.399323
6783,Kuwait,KWT,1990,18427777777.77778
6784,Kuwait,KWT,1991,11009993703.147371
6785,Kuwait,KWT,1992,19858555214.723927
6786,Kuwait,KWT,1993,23941391390.72848
6787,Kuwait,KWT,1994,24848483838.38384
6788,Kuwait,KWT,1995,27186980646.544792
6789,Kuwait,KWT,1996,31492373308.75157
6790,Kuwait,KWT,1997,30350190704.436146
6791,Kuwait,KWT,1998,25943705784.29957
6792,Kuwait,KWT,1999,30122365849.251846
6793,Kuwait,KWT,2000,37718743480.0751
6794,Kuwait,KWT,2001,34889559869.8326
6795,Kuwait,KWT,2002,38135788413.82759
6796,Kuwait,KWT,2003,47874582231.58799
6797,Kuwait,KWT,2004,59439090600.61079
6798,Kuwait,KWT,2005,80798630136.98631
6799,Kuwait,KWT,2006,101557330723.42303
6800,Kuwait,KWT,2007,114634043361.69225
6801,Kuwait,KWT,2008,147379737229.75284
6802,Kuwait,KWT,2009,105968691905.4155
6803,Kuwait,KWT,2010,115416245238.47812
6804,Kuwait,KWT,2011,154039231299.1275
6805,Kuwait,KWT,2012,174047695598.6865
6806,Kuwait,KWT,2013,174168116687.21497
6807,Kuwait,KWT,2014,162650450784.68552
6808,Kuwait,KWT,2015,114585555830.9162
6809,Kuwait,KWT,2016,109406674087.94688
6810,Kuwait,KWT,2017,120687539675.51738
6811,Kuwait,KWT,2018,138202535962.40082
6812,Kuwait,KWT,2019,138696321087.86374
6813,Kuwait,KWT,2020,107512998447.02074
6814,Kuwait,KWT,2021,141777271268.69412
6815,Kuwait,KWT,2022,182809482400.9244
6816,Kuwait,KWT,2023,161772221950.94162
7153,Lebanon,LBN,1988,3313540067.9324584
7154,Lebanon,LBN,1989,2717998687.710016
7155,Lebanon,LBN,1990,2838485353.9618664
7156,Lebanon,LBN,1991,4690415092.536633
7157,Lebanon,LBN,1992,5843579160.901219
7158,Lebanon,LBN,1993,7941744492.235954
7159,Lebanon,LBN,1994,9599127050.175585
7160,Lebanon,LBN,1995,11718795528.555569
7161,Lebanon,LBN,1996,13690217333.587885
7162,Lebanon,LBN,1997,15751867489.444624
7163,Lebanon,LBN,1998,17247179005.521946
7164,Lebanon,LBN,1999,17391056369.226524
7165,Lebanon,LBN,2000,17260364842.454395
7166,Lebanon,LBN,2001,17649751243.781094
7167,Lebanon,LBN,2002,19152238805.97015
7168,Lebanon,LBN,2003,20082918739.63516
7169,Lebanon,LBN,2004,21159827992.039803
7170,Lebanon,LBN,2005,21497336498.839134
7171,Lebanon,LBN,2006,22022709851.40962
7172,Lebanon,LBN,2007,24827355014.925373
7173,Lebanon,LBN,2008,29118916105.47264
7174,Lebanon,LBN,2009,35399582928.68988
7175,Lebanon,LBN,2010,38443907042.12272
7176,Lebanon,LBN,2011,39927125961.5257
7177,Lebanon,LBN,2012,44016799515.75456
7178,Lebanon,LBN,2013,46880103080.597015
7179,Lebanon,LBN,2014,48095213746.600334
7180,Lebanon,LBN,2015,49929337836.81592
7181,Lebanon,LBN,2016,51147308774.12936
7182,Lebanon,LBN,2017,53027680685.90382
7183,Lebanon,LBN,2018,54901519155.55556
7184,Lebanon,LBN,2019,51605959131.27413
7185,Lebanon,LBN,2020,31712128253.796097
7186,Lebanon,LBN,2021,23131941556.784348
7187,Lebanon,LBN,2022,20992421948.808086
7316,Libya,LBY,1960,401644248.8258345
7317,Libya,LBY,1961,443905611.5536942
7318,Libya,LBY,1962,619725784.7344817
7319,Libya,LBY,1963,892327911.0880151
7320,Libya,LBY,1964,1341395422.267036
7321,Libya,LBY,1965,1804979679.2824948
7322,Libya,LBY,1966,2312438534.605289
7323,Libya,LBY,1967,2726986913.091264
7324,Libya,LBY,1968,3850623095.570402
7325,Libya,LBY,1969,4380987480.449372
7326,Libya,LBY,1970,4601649450.001371
7327,Libya,LBY,1971,5260185125.606411
7328,Libya,LBY,1972,6299395544.716475
7329,Libya,LBY,1973,8625889430.825327
7330,Libya,LBY,1974,15112543717.696274
7331,Libya,LBY,1975,14710912456.966402
7332,Libya,LBY,1976,19096943016.359512
7333,Libya,LBY,1977,22428297108.211823
7334,Libya,LBY,1978,22136422642.1196
7335,Libya,LBY,1979,30536429497.973866
7336,Libya,LBY,1980,40953924948.99798
7337,Libya,LBY,1981,36374353879.63297
7338,Libya,LBY,1982,33760146991.755836
7339,Libya,LBY,1983,33200520139.8656
7340,Libya,LBY,1984,29476109151.85227
7341,Libya,LBY,1985,31530566323.50788
7342,Libya,LBY,1986,24180400960.62138
7343,Libya,LBY,1987,26697659335.91487
7344,Libya,LBY,1988,24308959591.723656
7345,Libya,LBY,1989,25156707900.18164
7346,Libya,LBY,1990,28904183602.48184
7347,Libya,LBY,1991,31991821264.711758
7348,Libya,LBY,1992,33887047909.27463
7349,Libya,LBY,1993,30660051910.503662
7350,Libya,LBY,1994,28610549763.468517
7351,Libya,LBY,1995,25541379186.645782
7352,Libya,LBY,1996,27884615384.615383
7353,Libya,LBY,1997,30700897874.870358
7354,Libya,LBY,1998,27251301398.28134
7355,Libya,LBY,1999,35975860857.11637
7356,Libya,LBY,2000,38270954138.11281
7357,Libya,LBY,2001,34112093927.25397
7358,Libya,LBY,2002,20481889763.77953
7359,Libya,LBY,2003,26265625000.0
7360,Libya,LBY,2004,33122307692.30769
7361,Libya,LBY,2005,47334691241.49238
7362,Libya,LBY,2006,60094231606.64205
7363,Libya,LBY,2007,68032978390.600685
7364,Libya,LBY,2008,86710767415.13712
7365,Libya,LBY,2009,60808562033.41912
7366,Libya,LBY,2010,75380825062.4216
7367,Libya,LBY,2011,48169263294.10074
7368,Libya,LBY,2012,92540938129.13144
7369,Libya,LBY,2013,75351107029.06049
7370,Libya,LBY,2014,57372355592.02202
7371,Libya,LBY,2015,48717501321.30524
7372,Libya,LBY,2016,49912073701.298
7373,Libya,LBY,2017,67157452181.77383
7374,Libya,LBY,2018,76686029772.14833
7375,Libya,LBY,2019,72081962263.17938
7376,Libya,LBY,2020,65688454971.56625
7377,Libya,LBY,2021,47786789103.81721
7378,Libya,LBY,2022,55938727098.01743
7379,Libya,LBY,2023,50491722445.7773
7966,Mali,MLI,1967,275494477.5860977
7967,Mali,MLI,1968,343771972.9938551
7968,Mali,MLI,1969,339913867.0927846
7969,Mali,MLI,1970,359772315.10219795
7970,Mali,MLI,1971,395218628.92069393
7971,Mali,MLI,1972,486617280.25554913
7972,Mali,MLI,1973,563683703.3047045
7973,Mali,MLI,1974,538747339.9560328
7974,Mali,MLI,1975,830710615.1799542
7975,Mali,MLI,1976,939228017.2477905
7976,Mali,MLI,1977,1049838548.109189
7977,Mali,MLI,1978,1222702572.8469892
7978,Mali,MLI,1979,1595422955.6443255
7979,Mali,MLI,1980,1759691186.3999336
7980,Mali,MLI,1981,1538972424.3663468
7981,Mali,MLI,1982,1333754224.999486
7982,Mali,MLI,1983,1297765325.9027262
7983,Mali,MLI,1984,1232932104.0727642
7984,Mali,MLI,1985,1392196047.99695
7985,Mali,MLI,1986,1852163453.153256
7986,Mali,MLI,1987,2090629986.9764264
7987,Mali,MLI,1988,2169040603.193938
7988,Mali,MLI,1989,2181821909.278918
7989,Mali,MLI,1990,2681912148.6984205
7990,Mali,MLI,1991,2724131458.2621584
7991,Mali,MLI,1992,2830673378.1300616
7992,Mali,MLI,1993,2818281085.0864587
7993,Mali,MLI,1994,2081846497.7464817
7994,Mali,MLI,1995,2706425157.393965
7995,Mali,MLI,1996,2780422049.2120423
7996,Mali,MLI,1997,2697105823.466098
7997,Mali,MLI,1998,2920358710.5064645
7998,Mali,MLI,1999,3440724709.592584
7999,Mali,MLI,2000,2961484953.8644366
8000,Mali,MLI,2001,3468337942.320635
8001,Mali,MLI,2002,3908121307.019565
8002,Mali,MLI,2003,4714071979.688353
8003,Mali,MLI,2004,5454249125.729661
8004,Mali,MLI,2005,6247515888.145334
8005,Mali,MLI,2006,6905934217.909009
8006,Mali,MLI,2007,8156468826.126453
8007,Mali,MLI,2008,9838403100.505545
8008,Mali,MLI,2009,10231962390.211864
8009,Mali,MLI,2010,10689168016.261272
8010,Mali,MLI,2011,12995112690.2596
8011,Mali,MLI,2012,12442035339.104927
8012,Mali,MLI,2013,13242690786.093817
8013,Mali,MLI,2014,14364937124.072668
8014,Mali,MLI,2015,13104764378.325953
8015,Mali,MLI,2016,14026048335.704683
8016,Mali,MLI,2017,15365713048.199305
8017,Mali,MLI,2018,17070867589.905487
8018,Mali,MLI,2019,17280250810.032135
8019,Mali,MLI,2020,17465392764.370636
8020,Mali,MLI,2021,19309463508.03768
8021,Mali,MLI,2022,18780322203.7584
8022,Mali,MLI,2023,20904898296.250145
8131,Mauritania,MRT,1961,159213430.2452648
8132,Mauritania,MRT,1962,164271557.5620859
8133,Mauritania,MRT,1963,168186297.20410672
8134,Mauritania,MRT,1964,224495743.78401747
8135,Mauritania,MRT,1965,255340475.0180829
8136,Mauritania,MRT,1966,266533605.16557556
8137,Mauritania,MRT,1967,282615310.2162836
8138,Mauritania,MRT,1968,311395937.24193543
8139,Mauritania,MRT,1969,295062308.4939481
8140,Mauritania,MRT,1970,309405316.0586872
8141,Mauritania,MRT,1971,335568907.0880212
8142,Mauritania,MRT,1972,391669449.2511392
8143,Mauritania,MRT,1973,493237876.2954636
8144,Mauritania,MRT,1974,613010552.4787171
8145,Mauritania,MRT,1975,703377837.4522233
8146,Mauritania,MRT,1976,775045516.8500019
8147,Mauritania,MRT,1977,799030017.1452087
8148,Mauritania,MRT,1978,804629876.7614405
8149,Mauritania,MRT,1979,951900945.208912
8150,Mauritania,MRT,1980,1047925105.5885252
8151,Mauritania,MRT,1981,1105494681.673345
8152,Mauritania,MRT,1982,1108776652.7838864
8153,Mauritania,MRT,1983,1165171263.3824146
8154,Mauritania,MRT,1984,1074373230.2843754
8155,Mauritania,MRT,1985,1009723326.3151066
8156,Mauritania,MRT,1986,1186628778.5142858
8157,Mauritania,MRT,1987,1344664724.6628344
8158,Mauritania,MRT,1988,1414951290.066825
8159,Mauritania,MRT,1989,1450647019.1809852
8160,Mauritania,MRT,1990,1506914407.8204668
8161,Mauritania,MRT,1991,2133692696.748572
8162,Mauritania,MRT,1992,2164298425.4841185
8163,Mauritania,MRT,1993,1847353211.347499
8164,Mauritania,MRT,1994,1944876755.0070808
8165,Mauritania,MRT,1995,2091726101.430141
8166,Mauritania,MRT,1996,2132087009.2894216
8167,Mauritania,MRT,1997,2071996564.0529585
8168,Mauritania,MRT,1998,2032347664.9499304
8169,Mauritania,MRT,1999,1985922775.533512
8170,Mauritania,MRT,2000,1779520886.4701493
8171,Mauritania,MRT,2001,1746063557.6135542
8172,Mauritania,MRT,2002,1777057481.2604308
8173,Mauritania,MRT,2003,2051147606.736874
8174,Mauritania,MRT,2004,2362501023.2424912
8175,Mauritania,MRT,2005,2936019525.60241
8176,Mauritania,MRT,2006,3919577285.927029
8177,Mauritania,MRT,2007,4346212355.029747
8178,Mauritania,MRT,2008,5206437193.804133
8179,Mauritania,MRT,2009,4714595547.751017
8180,Mauritania,MRT,2010,5628878797.982574
8181,Mauritania,MRT,2011,6764627745.903299
8182,Mauritania,MRT,2012,6728208836.221428
8183,Mauritania,MRT,2013,7223071096.85652
8184,Mauritania,MRT,2014,6592537781.815179
8185,Mauritania,MRT,2015,6166863896.686766
8186,Mauritania,MRT,2016,6398747592.131846
8187,Mauritania,MRT,2017,6800135898.288272
8188,Mauritania,MRT,2018,7473550557.073785
8189,Mauritania,MRT,2019,7894764885.823116
8190,Mauritania,MRT,2020,8260752385.230893
8191,Mauritania,MRT,2021,9222536364.012722
8192,Mauritania,MRT,2022,9744039514.556463
8193,Mauritania,MRT,2023,10452577062.75806
8781,Morocco,MAR,1960,2037154741.9321053
8782,Morocco,MAR,1961,2025693539.5584223
8783,Morocco,MAR,1962,2379611124.614415
8784,Morocco,MAR,1963,2657252578.3076344
8785,Morocco,MAR,1964,2798345298.577806
8786,Morocco,MAR,1965,2948331090.467524
8787,Morocco,MAR,1966,2876401297.1075926
8788,Morocco,MAR,1967,3046345314.386552
8789,Morocco,MAR,1968,3271422332.619964
8790,Morocco,MAR,1969,3651622668.951031
8791,Morocco,MAR,1970,3956336244.118653
8792,Morocco,MAR,1971,4356669034.342655
8793,Morocco,MAR,1972,5074117544.774822
8794,Morocco,MAR,1973,6242145880.0887575
8795,Morocco,MAR,1974,7675466449.355309
8796,Morocco,MAR,1975,8984853005.080584
8797,Morocco,MAR,1976,9584297284.283163
8798,Morocco,MAR,1977,11049783871.814425
8799,Morocco,MAR,1978,13236946233.575916
8800,Morocco,MAR,1979,15911994817.310717
8801,Morocco,MAR,1980,21728516153.09073
8802,Morocco,MAR,1981,17788185478.943974
8803,Morocco,MAR,1982,17692276734.170986
8804,Morocco,MAR,1983,16251408127.57345
8805,Morocco,MAR,1984,14824667954.36736
8806,Morocco,MAR,1985,14991283215.740831
8807,Morocco,MAR,1986,19462085540.22311
8808,Morocco,MAR,1987,21765195948.188976
8809,Morocco,MAR,1988,25705296183.503677
8810,Morocco,MAR,1989,26314313191.182552
8811,Morocco,MAR,1990,30179954774.98992
8812,Morocco,MAR,1991,32285573573.918488
8813,Morocco,MAR,1992,33711069430.78004
8814,Morocco,MAR,1993,31655473663.834824
8815,Morocco,MAR,1994,35604137422.5796
8816,Morocco,MAR,1995,39030285468.38408
8817,Morocco,MAR,1996,43161571527.63532
8818,Morocco,MAR,1997,39147844526.08376
8819,Morocco,MAR,1998,46497608724.9865
8820,Morocco,MAR,1999,46266428648.14326
8821,Morocco,MAR,2000,43017455401.844536
8822,Morocco,MAR,2001,43831480207.64445
8823,Morocco,MAR,2002,47077192187.64177
8824,Morocco,MAR,2003,58029363354.27568
8825,Morocco,MAR,2004,66114145451.00669
8826,Morocco,MAR,2005,68852658068.66728
8827,Morocco,MAR,2006,75883823300.85452
8828,Morocco,MAR,2007,86947913286.72797
8829,Morocco,MAR,2008,101822906949.06345
8830,Morocco,MAR,2009,101154952240.8807
8831,Morocco,MAR,2010,100865329473.43983
8832,Morocco,MAR,2011,110080631332.37537
8833,Morocco,MAR,2012,106937392311.12907
8834,Morocco,MAR,2013,115739287305.0801
8835,Morocco,MAR,2014,119130841411.6636
8836,Morocco,MAR,2015,110413823841.59187
8837,Morocco,MAR,2016,111572947004.91748
8838,Morocco,MAR,2017,118540573367.84428
8839,Morocco,MAR,2018,127341147581.81831
8840,Morocco,MAR,2019,128920266409.4575
8841,Morocco,MAR,2020,121353645057.14368
8842,Morocco,MAR,2021,141817797083.46814
8843,Morocco,MAR,2022,130912558829.8398
8844,Morocco,MAR,2023,141109373209.41437
9326,Niger,NER,1960,449526873.2958902
9327,Niger,NER,1961,485785230.9789874
9328,Niger,NER,1962,531736599.2504645
9329,Niger,NER,1963,586294878.7446434
9330,Niger,NER,1964,582816396.4044087
9331,Niger,NER,1965,673383510.8128659
9332,Niger,NER,1966,702296078.5931734
9333,Niger,NER,1967,665586872.2744464
9334,Niger,NER,1968,641214226.2094933
9335,Niger,NER,1969,625867985.2737976
9336,Niger,NER,1970,649916621.2429781
9337,Niger,NER,1971,693573703.630273
9338,Niger,NER,1972,742779660.8186927
9339,Niger,NER,1973,946385105.193732
9340,Niger,NER,1974,1026137110.8930883
9341,Niger,NER,1975,1048690933.2102731
9342,Niger,NER,1976,1064517601.2902488
9343,Niger,NER,1977,1291458041.46193
9344,Niger,NER,1978,1774365589.708151
9345,Niger,NER,1979,2109277665.699124
9346,Niger,NER,1980,2508524720.7189546
9347,Niger,NER,1981,2170893414.388801
9348,Niger,NER,1982,2017612215.9793472
9349,Niger,NER,1983,1803099561.2004635
9350,Niger,NER,1984,1461243326.1288204
9351,Niger,NER,1985,1440581652.3985307
9352,Niger,NER,1986,1904096998.3000925
9353,Niger,NER,1987,2233006104.927759
9354,Niger,NER,1988,2280356192.7627306
9355,Niger,NER,1989,2179567114.3339124
9356,Niger,NER,1990,3512356507.885992
9357,Niger,NER,1991,3285796874.9712543
9358,Niger,NER,1992,3386232579.225225
9359,Niger,NER,1993,3052673849.251811
9360,Niger,NER,1994,1938058175.2139933
9361,Niger,NER,1995,2302537562.244061
9362,Niger,NER,1996,2405686940.0464
9363,Niger,NER,1997,2290318910.206582
9364,Niger,NER,1998,2643363518.9927177
9365,Niger,NER,1999,2537789820.692951
9366,Niger,NER,2000,2241753192.8115754
9367,Niger,NER,2001,2448714703.966169
9368,Niger,NER,2002,2782192878.6720395
9369,Niger,NER,2003,3394084732.495433
9370,Niger,NER,2004,3760443737.5379744
9371,Niger,NER,2005,4383315964.587175
9372,Niger,NER,2006,4756361252.379227
9373,Niger,NER,2007,5731485051.790689
9374,Niger,NER,2008,7297600226.005361
9375,Niger,NER,2009,7352131309.733413
9376,Niger,NER,2010,7851192502.309172
9377,Niger,NER,2011,8772950777.791763
9378,Niger,NER,2012,9426912647.591106
9379,Niger,NER,2013,10224897437.864824
9380,Niger,NER,2014,10862943543.541924
9381,Niger,NER,2015,9683867926.442823
9382,Niger,NER,2016,10398861981.758308
9383,Niger,NER,2017,11185104251.69431
9384,Niger,NER,2018,12837307496.882084
9385,Niger,NER,2019,12889555561.22991
9386,Niger,NER,2020,13744653103.057987
9387,Niger,NER,2021,14915002436.069023
9388,Niger,NER,2022,15433852712.296335
9389,Niger,NER,2023,16819170420.565315
9699,Oman,OMN,1965,63279974.68801013
9700,Oman,OMN,1966,67759972.89601085
9701,Oman,OMN,1967,107151832.48965073
9702,Oman,OMN,1968,188879848.89612088
9703,Oman,OMN,1969,239999808.0001536
9704,Oman,OMN,1970,256319794.94416404
9705,Oman,OMN,1971,301010587.1029836
9706,Oman,OMN,1972,366883548.3475909
9707,Oman,OMN,1973,483066990.6124172
9708,Oman,OMN,1974,1645917776.491025
9709,Oman,OMN,1975,2096699189.3456864
9710,Oman,OMN,1976,2560220034.742328
9711,Oman,OMN,1977,2741169947.8865085
9712,Oman,OMN,1978,2740301389.693109
9713,Oman,OMN,1979,3733352634.62652
9714,Oman,OMN,1980,5981760277.938622
9715,Oman,OMN,1981,7259120150.550087
9716,Oman,OMN,1982,7554719455.703532
9717,Oman,OMN,1983,7932541690.793283
9718,Oman,OMN,1984,8821443150.924877
9719,Oman,OMN,1985,10005645420.460632
9720,Oman,OMN,1986,7324167369.143049
9721,Oman,OMN,1987,7811183094.928478
9722,Oman,OMN,1988,8386215864.759428
9723,Oman,OMN,1989,9372171651.49545
9724,Oman,OMN,1990,11685045513.654097
9725,Oman,OMN,1991,11341482444.73342
9726,Oman,OMN,1992,12452275682.704811
9727,Oman,OMN,1993,12493107932.379711
9728,Oman,OMN,1994,12918855656.697008
9729,Oman,OMN,1995,13802600780.23407
9730,Oman,OMN,1996,15277763328.9987
9731,Oman,OMN,1997,15837451235.370611
9732,Oman,OMN,1998,13996914694.40832
9733,Oman,OMN,1999,15593456176.853056
9734,Oman,OMN,2000,19507452535.760727
9735,Oman,OMN,2001,19452000520.156048
9736,Oman,OMN,2002,20142756046.814045
9737,Oman,OMN,2003,21633708192.457737
9738,Oman,OMN,2004,24763712873.86216
9739,Oman,OMN,2005,31081991677.50325
9740,Oman,OMN,2006,37215779713.91418
9741,Oman,OMN,2007,42085379453.83615
9742,Oman,OMN,2008,60905452535.76073
9743,Oman,OMN,2009,48388363589.07672
9744,Oman,OMN,2010,64993498049.414825
9745,Oman,OMN,2011,77497529258.77763
9746,Oman,OMN,2012,87408842652.79582
9747,Oman,OMN,2013,89936020806.24187
9748,Oman,OMN,2014,92699089726.91808
9749,Oman,OMN,2015,78710793237.97139
9750,Oman,OMN,2016,75128738621.58647
9751,Oman,OMN,2017,80856697009.10272
9752,Oman,OMN,2018,91505851755.52666
9753,Oman,OMN,2019,88060858257.47723
9754,Oman,OMN,2020,75909397659.29779
9755,Oman,OMN,2021,88191977373.21198
9756,Oman,OMN,2022,114667360208.06242
9757,Oman,OMN,2023,108192457737.3212
10567,Qatar,QAT,1970,301791301.79130393
10568,Qatar,QAT,1971,387703105.52125406
10569,Qatar,QAT,1972,510262500.1767018
10570,Qatar,QAT,1973,793885559.971316
10571,Qatar,QAT,1974,2401403227.4408545
10572,Qatar,QAT,1975,2512773165.811741
10573,Qatar,QAT,1976,3284273986.71808
10574,Qatar,QAT,1977,3617564637.888648
10575,Qatar,QAT,1978,4052000412.700869
10576,Qatar,QAT,1979,5632962996.826407
10577,Qatar,QAT,1980,7829165261.813985
10578,Qatar,QAT,1981,8661263763.73629
10579,Qatar,QAT,1982,7596703214.285741
10580,Qatar,QAT,1983,6467582307.692307
10581,Qatar,QAT,1984,6704395824.175824
10582,Qatar,QAT,1985,6153296456.043956
10583,Qatar,QAT,1986,5053021950.54945
10584,Qatar,QAT,1987,5446428681.318681
10585,Qatar,QAT,1988,6038187032.967032
10586,Qatar,QAT,1989,6487912087.912087
10587,Qatar,QAT,1990,7360439423.076922
10588,Qatar,QAT,1991,6883516483.516483
10589,Qatar,QAT,1992,7646153983.516483
10590,Qatar,QAT,1993,7156593653.846153
10591,Qatar,QAT,1994,7374450769.230769
10592,Qatar,QAT,1995,8137911978.021977
10593,Qatar,QAT,1996,9059340384.615383
10594,Qatar,QAT,1997,11297802115.384617
10595,Qatar,QAT,1998,10255495027.472528
10596,Qatar,QAT,1999,12393131868.131868
10597,Qatar,QAT,2000,17759890109.89011
10598,Qatar,QAT,2001,17538461538.461536
10599,Qatar,QAT,2002,19363736263.736263
10600,Qatar,QAT,2003,23533791208.791206
10601,Qatar,QAT,2004,31734065934.065933
10602,Qatar,QAT,2005,44530494505.49451
10603,Qatar,QAT,2006,60882142857.14285
10604,Qatar,QAT,2007,79712087912.0879
10605,Qatar,QAT,2008,115270054945.05496
10606,Qatar,QAT,2009,97798351648.35164
10607,Qatar,QAT,2010,125122306346.15384
10608,Qatar,QAT,2011,167775268626.37363
10609,Qatar,QAT,2012,186833502362.63736
10610,Qatar,QAT,2013,198727642967.03296
10611,Qatar,QAT,2014,206224598571.42856
10612,Qatar,QAT,2015,161739955576.92307
10613,Qatar,QAT,2016,151732181868.13187
10614,Qatar,QAT,2017,161099122225.27472
10615,Qatar,QAT,2018,183334953818.6813
10616,Qatar,QAT,2019,176371267692.30768
10617,Qatar,QAT,2020,144411363351.64835
10618,Qatar,QAT,2021,179732009560.43954
10619,Qatar,QAT,2022,235770403734.9
10888,Saudi Arabia,SAU,1960,1748124063.4706757
10889,Saudi Arabia,SAU,1961,1920811284.1344004
10890,Saudi Arabia,SAU,1962,2130606531.8180645
10891,Saudi Arabia,SAU,1963,2207393171.4953
10892,Saudi Arabia,SAU,1964,2371808712.910156
10893,Saudi Arabia,SAU,1965,2647955557.5556226
10894,Saudi Arabia,SAU,1966,2920555557.1798887
10895,Saudi Arabia,SAU,1967,3257022222.637577
10896,Saudi Arabia,SAU,1968,4187777711.111111
10897,Saudi Arabia,SAU,1969,4485777644.444445
10898,Saudi Arabia,SAU,1970,5377333333.333333
10899,Saudi Arabia,SAU,1971,7184806909.289389
10900,Saudi Arabia,SAU,1972,9664267086.603231
10901,Saudi Arabia,SAU,1973,14947435499.322962
10902,Saudi Arabia,SAU,1974,45412957746.47888
10903,Saudi Arabia,SAU,1975,46773208642.68145
10904,Saudi Arabia,SAU,1976,64005665722.37961
10905,Saudi Arabia,SAU,1977,74188986586.06294
10906,Saudi Arabia,SAU,1978,80266516686.56139
10907,Saudi Arabia,SAU,1979,111858444786.22438
10908,Saudi Arabia,SAU,1980,164539660725.11786
10909,Saudi Arabia,SAU,1981,184291360138.69
10910,Saudi Arabia,SAU,1982,153240313858.32272
10911,Saudi Arabia,SAU,1983,129171635311.14326
10912,Saudi Arabia,SAU,1984,119624858115.77753
10913,Saudi Arabia,SAU,1985,103897846493.64992
10914,Saudi Arabia,SAU,1986,86961922765.32541
10915,Saudi Arabia,SAU,1987,85695861148.1976
10916,Saudi Arabia,SAU,1988,88256074766.35513
10917,Saudi Arabia,SAU,1989,95344459279.03873
10918,Saudi Arabia,SAU,1990,117630173564.753
10919,Saudi Arabia,SAU,1991,132223230974.63284
10920,Saudi Arabia,SAU,1992,137087850467.28972
10921,Saudi Arabia,SAU,1993,132967957276.36848
10922,Saudi Arabia,SAU,1994,135174899866.48865
10923,Saudi Arabia,SAU,1995,143343124165.55408
10924,Saudi Arabia,SAU,1996,158662483311.08145
10925,Saudi Arabia,SAU,1997,165963684913.21762
10926,Saudi Arabia,SAU,1998,146775466666.66666
10927,Saudi Arabia,SAU,1999,161717066666.66666
10928,Saudi Arabia,SAU,2000,189514933333.3333
10929,Saudi Arabia,SAU,2001,184137600000.0
10930,Saudi Arabia,SAU,2002,189605866666.66663
10931,Saudi Arabia,SAU,2003,215807733333.3333
10932,Saudi Arabia,SAU,2004,258742133333.3333
10933,Saudi Arabia,SAU,2005,328459608764.1109
10934,Saudi Arabia,SAU,2006,376900133511.34845
10935,Saudi Arabia,SAU,2007,415964509673.1154
10936,Saudi Arabia,SAU,2008,519796800000.0
10937,Saudi Arabia,SAU,2009,429097866666.6667
10938,Saudi Arabia,SAU,2010,528207200000.0
10939,Saudi Arabia,SAU,2011,676634666666.6666
10940,Saudi Arabia,SAU,2012,741849866666.6666
10941,Saudi Arabia,SAU,2013,753864533333.3334
10942,Saudi Arabia,SAU,2014,766605866666.6666
10943,Saudi Arabia,SAU,2015,669484266666.6666
10944,Saudi Arabia,SAU,2016,666000000000.0
10945,Saudi Arabia,SAU,2017,714994666666.6666
10946,Saudi Arabia,SAU,2018,846583733333.3334
10947,Saudi Arabia,SAU,2019,838564800000.0
10948,Saudi Arabia,SAU,2020,734271200000.0
10949,Saudi Arabia,SAU,2021,874156000000.0
10950,Saudi Arabia,SAU,2022,1108571466666.6667
10951,Saudi Arabia,SAU,2023,1067582933333.3334
10952,Senegal,SEN,1960,1003692370.4686906
10953,Senegal,SEN,1961,1058975256.9702512
10954,Senegal,SEN,1962,1085475790.5911205
10955,Senegal,SEN,1963,1122139861.678048
10956,Senegal,SEN,1964,1188930645.3442326
10957,Senegal,SEN,1965,1210058228.171121
10958,Senegal,SEN,1966,1246908185.9634266
10959,Senegal,SEN,1967,1246480765.9798436
10960,Senegal,SEN,1968,1309384861.922193
10961,Senegal,SEN,1969,1245234931.4323332
10962,Senegal,SEN,1970,1297407654.9283156
10963,Senegal,SEN,1971,1339549032.8378246
10964,Senegal,SEN,1972,1620857103.5349233
10965,Senegal,SEN,1973,1863398590.4555988
10966,Senegal,SEN,1974,2099325228.956507
10967,Senegal,SEN,1975,2830388404.8976984
10968,Senegal,SEN,1976,2869777884.451664
10969,Senegal,SEN,1977,2938046462.7097964
10970,Senegal,SEN,1978,3280354920.851601
10971,Senegal,SEN,1979,4084877822.916788
10972,Senegal,SEN,1980,4510108290.695709
10973,Senegal,SEN,1981,4095892780.5828943
10974,Senegal,SEN,1982,4013951442.6708126
10975,Senegal,SEN,1983,3569356124.9315853
10976,Senegal,SEN,1984,3485165431.713542
10977,Senegal,SEN,1985,3818944917.567131
10978,Senegal,SEN,1986,5392093445.510533
10979,Senegal,SEN,1987,6487353102.814825
10980,Senegal,SEN,1988,6418419388.634989
10981,Senegal,SEN,1989,6366039372.536825
10982,Senegal,SEN,1990,7390967360.421208
10983,Senegal,SEN,1991,7255210469.517427
10984,Senegal,SEN,1992,7769817839.956441
10985,Senegal,SEN,1993,7367986241.218689
10986,Senegal,SEN,1994,5034588195.558058
10987,Senegal,SEN,1995,6326342633.403396
10988,Senegal,SEN,1996,6559712165.96508
10989,Senegal,SEN,1997,6041478725.904432
10990,Senegal,SEN,1998,6505607909.053245
10991,Senegal,SEN,1999,6592834932.808764
10992,Senegal,SEN,2000,6013185003.975251
10993,Senegal,SEN,2001,6507824829.262536
10994,Senegal,SEN,2002,7006402319.758565
10995,Senegal,SEN,2003,8768721563.182106
10996,Senegal,SEN,2004,10076816666.619638
10997,Senegal,SEN,2005,11009033437.93904
10998,Senegal,SEN,2006,11697918243.00349
10999,Senegal,SEN,2007,13994218412.961872
11000,Senegal,SEN,2008,16853989627.548038
11001,Senegal,SEN,2009,16145867494.940493
11002,Senegal,SEN,2010,16121315909.07576
11003,Senegal,SEN,2011,17814283639.311874
11004,Senegal,SEN,2012,17660870411.523518
11005,Senegal,SEN,2013,18918667724.881683
11006,Senegal,SEN,2014,19797253440.267918
11007,Senegal,SEN,2015,17774766696.175896
11008,Senegal,SEN,2016,19040312333.186382
11009,Senegal,SEN,2017,20996562943.59792
11010,Senegal,SEN,2018,23116701556.138107
11011,Senegal,SEN,2019,23403995992.13541
11012,Senegal,SEN,2020,24530513037.751846
11013,Senegal,SEN,2021,27520784129.750805
11014,Senegal,SEN,2022,27619479059.613056
11015,Senegal,SEN,2023,31013986429.186054
11430,Somalia,SOM,1960,180459936.7760253
11431,Somalia,SOM,1961,191659914.37603423
11432,Somalia,SOM,1962,203531927.547229
11433,Somalia,SOM,1963,216145935.9416256
11434,Somalia,SOM,1964,229529912.6680349
11435,Somalia,SOM,1965,243725898.0296408
11436,Somalia,SOM,1966,257375897.0496412
11437,Somalia,SOM,1967,271781886.8072453
11438,Somalia,SOM,1968,286719885.3120459
11439,Somalia,SOM,1969,306357284.5714286
11440,Somalia,SOM,1970,347985394.28571427
11441,Somalia,SOM,1971,347039445.7055691
11442,Somalia,SOM,1972,447883941.1901649
11443,Somalia,SOM,1973,483699610.6025631
11444,Somalia,SOM,1974,572504035.9015092
11445,Somalia,SOM,1975,757015878.7926927
11446,Somalia,SOM,1976,871344245.1151708
11447,Somalia,SOM,1977,498550724.6376811
11448,Somalia,SOM,1978,564571823.2044199
11449,Somalia,SOM,1979,589566929.1338582
11450,Somalia,SOM,1980,602515548.4521039
11451,Somalia,SOM,1981,699302473.0500951
11452,Somalia,SOM,1982,774578931.9639199
11453,Somalia,SOM,1983,735408641.768548
11454,Somalia,SOM,1984,787434541.7288573
11455,Somalia,SOM,1985,875702247.1910112
11456,Somalia,SOM,1986,916590786.3261054
11457,Somalia,SOM,1987,1018972664.463803
11458,Somalia,SOM,1988,1051596967.1286983
11459,Somalia,SOM,1989,1181360843.935489
11460,Somalia,SOM,1990,1031282081.1668346
11461,Somalia,SOM,1991,717974929.7631578
11462,Somalia,SOM,1992,709297578.5
11463,Somalia,SOM,1993,1260132955.787459
11464,Somalia,SOM,1994,1481205097.9811325
11465,Somalia,SOM,1995,1534756134.5502186
11466,Somalia,SOM,1996,1792234297.391936
11467,Somalia,SOM,1997,2191749013.581238
11468,Somalia,SOM,1998,2962047564.4165072
11469,Somalia,SOM,1999,3045751527.660048
11470,Somalia,SOM,2000,3412797450.201118
11471,Somalia,SOM,2001,2252847464.6860847
11472,Somalia,SOM,2002,2192684134.592728
11473,Somalia,SOM,2003,2836724351.561596
11474,Somalia,SOM,2004,3859592813.1025534
11475,Somalia,SOM,2005,4683246454.100484
11476,Somalia,SOM,2006,5026743282.042513
11477,Somalia,SOM,2007,5430713728.89074
11478,Somalia,SOM,2008,5913620292.905734
11479,Somalia,SOM,2009,2948594552.4495163
11480,Somalia,SOM,2010,2687807003.73935
11481,Somalia,SOM,2011,2906000096.932491
11482,Somalia,SOM,2012,4041702388.866335
11483,Somalia,SOM,2013,5836021227.475967
11484,Somalia,SOM,2014,6537360532.643586
11485,Somalia,SOM,2015,6984947145.095078
11486,Somalia,SOM,2016,7390796616.528166
11487,Somalia,SOM,2017,8252394373.296979
11488,Somalia,SOM,2018,8278212314.40466
11489,Somalia,SOM,2019,9420431258.247469
11490,Somalia,SOM,2020,9204140383.17612
11491,Somalia,SOM,2021,9838711529.458475
11492,Somalia,SOM,2022,10419541202.0391
11493,Somalia,SOM,2023,11679800110.152267
11686,South Sudan,SSD,2008,14586253383.063168
11687,South Sudan,SSD,2009,12231264525.067104
11688,South Sudan,SSD,2010,14602072410.950586
11689,South Sudan,SSD,2011,14907308932.75343
11690,South Sudan,SSD,2012,11931472169.491526
11691,South Sudan,SSD,2013,18426469016.94915
11692,South Sudan,SSD,2014,13962212847.457626
11693,South Sudan,SSD,2015,11997800760.224182
12190,Sudan,SDN,1960,1127011494.2528737
12191,Sudan,SDN,1961,1223563218.3908043
12192,Sudan,SDN,1962,1329022988.505747
12193,Sudan,SDN,1963,1352011494.2528737
12194,Sudan,SDN,1964,1389080459.770115
12195,Sudan,SDN,1965,1447701149.4252872
12196,Sudan,SDN,1966,1485344827.586207
12197,Sudan,SDN,1967,1608333333.3333333
12198,Sudan,SDN,1968,1678735632.1839085
12199,Sudan,SDN,1969,1848563218.3908043
12200,Sudan,SDN,1970,2101436781.6091957
12201,Sudan,SDN,1971,2289655172.413793
12202,Sudan,SDN,1972,2484482758.62069
12203,Sudan,SDN,1973,3079022988.505748
12204,Sudan,SDN,1974,3961206896.551724
12205,Sudan,SDN,1975,4825862068.965517
12206,Sudan,SDN,1976,6016666666.666667
12207,Sudan,SDN,1977,7503448275.862069
12208,Sudan,SDN,1978,8138461538.461538
12209,Sudan,SDN,1979,8421678321.678321
12210,Sudan,SDN,1980,8951800000.0
12211,Sudan,SDN,1981,10751162790.697674
12212,Sudan,SDN,1982,8735294117.647058
12213,Sudan,SDN,1983,8230153846.153847
12214,Sudan,SDN,1984,10447615384.615383
12215,Sudan,SDN,1985,8075347222.222222
12216,Sudan,SDN,1986,10092200000.0
12217,Sudan,SDN,1987,12093333333.333334
12218,Sudan,SDN,1988,14372555555.55556
12219,Sudan,SDN,1989,21408111111.111115
12220,Sudan,SDN,1990,33641222222.222225
12221,Sudan,SDN,1991,44168918918.91892
12222,Sudan,SDN,1992,7031909434.272107
12223,Sudan,SDN,1993,8881005435.806017
12224,Sudan,SDN,1994,12793794737.042011
12225,Sudan,SDN,1995,13830363899.916332
12226,Sudan,SDN,1996,9018300724.660856
12227,Sudan,SDN,1997,11681175864.338284
12228,Sudan,SDN,1998,11250221536.748407
12229,Sudan,SDN,1999,10682028339.68982
12230,Sudan,SDN,2000,12257299147.293604
12231,Sudan,SDN,2001,15716361792.192642
12232,Sudan,SDN,2002,18137128388.360603
12233,Sudan,SDN,2003,21355298459.595512
12234,Sudan,SDN,2004,26646007250.731857
12235,Sudan,SDN,2005,35182711987.974014
12236,Sudan,SDN,2006,45263831634.1497
12237,Sudan,SDN,2007,59440139774.81277
12238,Sudan,SDN,2008,64833083257.1431
12239,Sudan,SDN,2009,51621044076.92307
12240,Sudan,SDN,2010,58962978034.48276
12241,Sudan,SDN,2011,55018567210.52632
12242,Sudan,SDN,2012,37632919966.66666
12243,Sudan,SDN,2013,43024018082.19178
12244,Sudan,SDN,2014,49516748617.97752
12245,Sudan,SDN,2015,51726758676.76768
12246,Sudan,SDN,2016,42630376000.0
12247,Sudan,SDN,2017,41283617976.19048
12248,Sudan,SDN,2018,32333780383.29238
12249,Sudan,SDN,2019,32338079165.289257
12250,Sudan,SDN,2020,27034593750.0
12251,Sudan,SDN,2021,34229513774.993607
12252,Sudan,SDN,2022,51666875363.0963
12253,Sudan,SDN,2023,109327023588.7324
12446,Syrian Arab Republic,SYR,1960,857704431.6879464
12447,Syrian Arab Republic,SYR,1961,945244992.212903
12448,Syrian Arab Republic,SYR,1962,1110565863.543532
12449,Syrian Arab Republic,SYR,1963,1200447429.3690808
12450,Syrian Arab Republic,SYR,1964,1339494290.439324
12451,Syrian Arab Republic,SYR,1965,1472036550.711825
12452,Syrian Arab Republic,SYR,1966,1342287556.5829074
12453,Syrian Arab Republic,SYR,1967,1580229795.125449
12454,Syrian Arab Republic,SYR,1968,1753746369.6853652
12455,Syrian Arab Republic,SYR,1969,2245011571.985576
12456,Syrian Arab Republic,SYR,1970,2140383979.216372
12457,Syrian Arab Republic,SYR,1971,2589851240.519082
12458,Syrian Arab Republic,SYR,1972,3059681664.7434726
12459,Syrian Arab Republic,SYR,1973,3239487611.7799244
12460,Syrian Arab Republic,SYR,1974,5159556980.844008
12461,Syrian Arab Republic,SYR,1975,6826980534.889599
12462,Syrian Arab Republic,SYR,1976,7633528673.680348
12463,Syrian Arab Republic,SYR,1977,7696011416.841057
12464,Syrian Arab Republic,SYR,1978,9275200184.608929
12465,Syrian Arab Republic,SYR,1979,9929681649.336514
12466,Syrian Arab Republic,SYR,1980,13062420540.911455
12467,Syrian Arab Republic,SYR,1981,15518201653.828665
12468,Syrian Arab Republic,SYR,1982,16298929565.270231
12469,Syrian Arab Republic,SYR,1983,17589277049.840878
12470,Syrian Arab Republic,SYR,1984,17503077755.182484
12471,Syrian Arab Republic,SYR,1985,16403540489.611631
12472,Syrian Arab Republic,SYR,1986,13293205173.067772
12473,Syrian Arab Republic,SYR,1987,11356215250.563152
12474,Syrian Arab Republic,SYR,1988,10577041826.05192
12475,Syrian Arab Republic,SYR,1989,9853395871.832275
12476,Syrian Arab Republic,SYR,1990,12308624283.956398
12477,Syrian Arab Republic,SYR,1991,12981833333.333334
12478,Syrian Arab Republic,SYR,1992,13253565898.955755
12479,Syrian Arab Republic,SYR,1993,13695962019.208378
12480,Syrian Arab Republic,SYR,1994,10122020000.0
12481,Syrian Arab Republic,SYR,1995,11396706586.826347
12482,Syrian Arab Republic,SYR,1996,13789560878.243511
12483,Syrian Arab Republic,SYR,1997,14505233463.03502
12484,Syrian Arab Republic,SYR,1998,15200846153.846151
12485,Syrian Arab Republic,SYR,1999,15873875968.992249
12486,Syrian Arab Republic,SYR,2000,18937052543.4373
12487,Syrian Arab Republic,SYR,2001,20237024724.70393
12488,Syrian Arab Republic,SYR,2002,20669357462.383083
12489,Syrian Arab Republic,SYR,2003,21828144686.03942
12490,Syrian Arab Republic,SYR,2004,25086950495.049503
12491,Syrian Arab Republic,SYR,2005,28858965517.24138
12492,Syrian Arab Republic,SYR,2006,33751788856.304985
12493,Syrian Arab Republic,SYR,2007,40465318382.05847
12494,Syrian Arab Republic,SYR,2008,52557913192.8669
12495,Syrian Arab Republic,SYR,2009,54111735241.541405
12496,Syrian Arab Republic,SYR,2010,61390831317.86349
12497,Syrian Arab Republic,SYR,2011,67539427670.99577
12498,Syrian Arab Republic,SYR,2012,43190317724.70877
12499,Syrian Arab Republic,SYR,2013,21361254647.99036
12500,Syrian Arab Republic,SYR,2014,21502061462.21215
12501,Syrian Arab Republic,SYR,2015,16466863097.212492
12502,Syrian Arab Republic,SYR,2016,12597854884.462015
12503,Syrian Arab Republic,SYR,2017,16369843341.386547
12504,Syrian Arab Republic,SYR,2018,21497782880.748817
12505,Syrian Arab Republic,SYR,2019,22583045052.559998
12506,Syrian Arab Republic,SYR,2020,11155888304.002296
12507,Syrian Arab Republic,SYR,2021,8980060818.721447
12880,Tunisia,TUN,1961,866155428.5714287
12881,Tunisia,TUN,1962,880027733.3333334
12882,Tunisia,TUN,1963,1026737600.0
12883,Tunisia,TUN,1964,1025866792.1568629
12884,Tunisia,TUN,1965,991047619.0476187
12885,Tunisia,TUN,1966,1040952380.9523808
12886,Tunisia,TUN,1967,1085714285.7142856
12887,Tunisia,TUN,1968,1214666666.6666665
12888,Tunisia,TUN,1969,1289904761.9047618
12889,Tunisia,TUN,1970,1439238095.2380953
12890,Tunisia,TUN,1971,1685162272.4065197
12891,Tunisia,TUN,1972,2237556148.510846
12892,Tunisia,TUN,1973,2730813385.326236
12893,Tunisia,TUN,1974,3545868575.146389
12894,Tunisia,TUN,1975,4328965587.532659
12895,Tunisia,TUN,1976,4508191942.160807
12896,Tunisia,TUN,1977,5109324009.324009
12897,Tunisia,TUN,1978,5968460080.1113
12898,Tunisia,TUN,1979,7188863903.636748
12899,Tunisia,TUN,1980,8744134354.161522
12900,Tunisia,TUN,1981,8428445294.084292
12901,Tunisia,TUN,1982,8133580051.70251
12902,Tunisia,TUN,1983,8350582747.835413
12903,Tunisia,TUN,1984,8254541194.825658
12904,Tunisia,TUN,1985,8410226052.611397
12905,Tunisia,TUN,1986,9017806654.416904
12906,Tunisia,TUN,1987,9696715910.70907
12907,Tunisia,TUN,1988,10096245762.435242
12908,Tunisia,TUN,1989,10101851744.562693
12909,Tunisia,TUN,1990,12290568181.818182
12910,Tunisia,TUN,1991,13074782608.695652
12911,Tunisia,TUN,1992,15496708060.41837
12912,Tunisia,TUN,1993,14608335608.154287
12913,Tunisia,TUN,1994,15633174304.090536
12914,Tunisia,TUN,1995,18030876599.3444
12915,Tunisia,TUN,1996,19587161806.765507
12916,Tunisia,TUN,1997,20746210353.844982
12917,Tunisia,TUN,1998,21802893587.125957
12918,Tunisia,TUN,1999,22943202174.966805
12919,Tunisia,TUN,2000,21473528160.77824
12920,Tunisia,TUN,2001,22065832448.86228
12921,Tunisia,TUN,2002,23141616604.5242
12922,Tunisia,TUN,2003,27453902261.462925
12923,Tunisia,TUN,2004,31183885241.439552
12924,Tunisia,TUN,2005,32272186694.80428
12925,Tunisia,TUN,2006,34376664600.589775
12926,Tunisia,TUN,2007,38915353866.75699
12927,Tunisia,TUN,2008,44859439902.21906
12928,Tunisia,TUN,2009,43455740497.30611
12929,Tunisia,TUN,2010,46206091937.96283
12930,Tunisia,TUN,2011,48123325825.07389
12931,Tunisia,TUN,2012,47311401812.67335
12932,Tunisia,TUN,2013,48685446413.95297
12933,Tunisia,TUN,2014,50271812920.612015
12934,Tunisia,TUN,2015,45779494041.92953
12935,Tunisia,TUN,2016,44360072680.44765
12936,Tunisia,TUN,2017,42163530590.9462
12937,Tunisia,TUN,2018,42686580020.83218
12938,Tunisia,TUN,2019,41905540184.42405
12939,Tunisia,TUN,2020,42491816475.71184
12940,Tunisia,TUN,2021,46812290143.34397
12941,Tunisia,TUN,2022,44579761022.89928
12942,Tunisia,TUN,2023,48529595416.65326
13222,United Arab Emirates,ARE,1970,685986701.3469204
13223,United Arab Emirates,ARE,1971,939893599.61414
13224,United Arab Emirates,ARE,1972,1415086929.2130854
13225,United Arab Emirates,ARE,1973,4231243615.871421
13226,United Arab Emirates,ARE,1974,11651505689.534113
13227,United Arab Emirates,ARE,1975,14720728248.535488
13228,United Arab Emirates,ARE,1976,19213158778.79277
13229,United Arab Emirates,ARE,1977,24871775164.604256
13230,United Arab Emirates,ARE,1978,23775764224.68313
13231,United Arab Emirates,ARE,1979,31225659620.995075
13232,United Arab Emirates,ARE,1980,43599160050.332245
13233,United Arab Emirates,ARE,1981,49333424135.11305
13234,United Arab Emirates,ARE,1982,46622718605.28467
13235,United Arab Emirates,ARE,1983,42803323345.137566
13236,United Arab Emirates,ARE,1984,41807954235.90302
13237,United Arab Emirates,ARE,1985,40603650231.54454
13238,United Arab Emirates,ARE,1986,33943612094.79706
13239,United Arab Emirates,ARE,1987,36384908744.21139
13240,United Arab Emirates,ARE,1988,36275674203.21439
13241,United Arab Emirates,ARE,1989,41464995913.91992
13242,United Arab Emirates,ARE,1990,50701443748.29747
13243,United Arab Emirates,ARE,1991,51552165622.446205
13244,United Arab Emirates,ARE,1992,54239171887.769005
13245,United Arab Emirates,ARE,1993,55625170253.33697
13246,United Arab Emirates,ARE,1994,59305093979.84201
13247,United Arab Emirates,ARE,1995,65743666575.86489
13248,United Arab Emirates,ARE,1996,73571233996.18633
13249,United Arab Emirates,ARE,1997,78839008444.56552
13250,United Arab Emirates,ARE,1998,75674336283.18584
13251,United Arab Emirates,ARE,1999,84445473110.95984
13252,United Arab Emirates,ARE,2000,104337372362.15112
13253,United Arab Emirates,ARE,2001,103311640571.81757
13254,United Arab Emirates,ARE,2002,109816201497.61745
13255,United Arab Emirates,ARE,2003,124346358066.71204
13256,United Arab Emirates,ARE,2004,147824370319.94556
13257,United Arab Emirates,ARE,2005,180617467964.60175
13258,United Arab Emirates,ARE,2006,222116541865.21445
13259,United Arab Emirates,ARE,2007,257916133424.098
13260,United Arab Emirates,ARE,2008,315474615738.5977
13261,United Arab Emirates,ARE,2009,253547358747.44727
13262,United Arab Emirates,ARE,2010,300189052688.90405
13263,United Arab Emirates,ARE,2011,360832739550.7148
13264,United Arab Emirates,ARE,2012,384610125391.4227
13265,United Arab Emirates,ARE,2013,400218529748.128
13266,United Arab Emirates,ARE,2014,414105366752.8931
13267,United Arab Emirates,ARE,2015,370275469571.1368
13268,United Arab Emirates,ARE,2016,369255326235.5344
13269,United Arab Emirates,ARE,2017,390516804029.95233
13270,United Arab Emirates,ARE,2018,427049432157.9306
13271,United Arab Emirates,ARE,2019,417989721742.6821
13272,United Arab Emirates,ARE,2020,349473015330.15656
13273,United Arab Emirates,ARE,2021,415178792756.9776
13274,United Arab Emirates,ARE,2022,507063968277.74
13275,United Arab Emirates,ARE,2023,504173451327.43365
13822,"Yemen, Rep.",YEM,1990,12643821568.96257
13823,"Yemen, Rep.",YEM,1991,14665445462.114904
13824,"Yemen, Rep.",YEM,1992,17959367194.004997
13825,"Yemen, Rep.",YEM,1993,21736802664.446297
13826,"Yemen, Rep.",YEM,1994,28019483763.53039
13827,"Yemen, Rep.",YEM,1995,12796345679.012346
13828,"Yemen, Rep.",YEM,1996,6496163615.660856
13829,"Yemen, Rep.",YEM,1997,6838298530.54911
13830,"Yemen, Rep.",YEM,1998,6322175565.946511
13831,"Yemen, Rep.",YEM,1999,7639325295.882872
13832,"Yemen, Rep.",YEM,2000,9679316770.186337
13833,"Yemen, Rep.",YEM,2001,9852990692.987137
13834,"Yemen, Rep.",YEM,2002,10693430511.466354
13835,"Yemen, Rep.",YEM,2003,11777532662.04989
13836,"Yemen, Rep.",YEM,2004,13867634371.477274
13837,"Yemen, Rep.",YEM,2005,16731566717.18884
13838,"Yemen, Rep.",YEM,2006,19063143369.85798
13839,"Yemen, Rep.",YEM,2007,21650528674.09326
13840,"Yemen, Rep.",YEM,2008,26910855807.288
13841,"Yemen, Rep.",YEM,2009,25130278212.55747
13842,"Yemen, Rep.",YEM,2010,30906749533.221
13843,"Yemen, Rep.",YEM,2011,32726417878.391014
13844,"Yemen, Rep.",YEM,2012,35401331609.59164
13845,"Yemen, Rep.",YEM,2013,40415233436.17665
13846,"Yemen, Rep.",YEM,2014,43228585321.3272
13847,"Yemen, Rep.",YEM,2015,42444490073.85545
13848,"Yemen, Rep.",YEM,2016,31317825274.15073
13849,"Yemen, Rep.",YEM,2017,26842229044.584846
13850,"Yemen, Rep.",YEM,2018,21606160663.03177
